Workbook
Name Slicer_Class: #N/A
Name Slicer_Customer_Type: #N/A
Name Slicer_Gender: #N/A

Sheet Pivot Table 2
A3: Count of Satisfaction | B3: Column Labels
A4: Row Labels | B4: Neutral or Dissatisfied | C4: Satisfied | D4: Grand Total
A5: Disloyal | B5: 37 | C5: 32 | D5: 69
A6: Loyal | B6: 35 | C6: 35 | D6: 70
A7: Grand Total | B7: 72 | C7: 67 | D7: 139

Sheet Pivot Table 1
A3: Count of Satisfaction | B3: Column Labels
A4: Row Labels | B4: Neutral or Dissatisfied | C4: Satisfied | D4: Grand Total
A5: Business | B5: 14 | C5: 26 | D5: 40
A6: Eco | B6: 34 | C6: 24 | D6: 58
A7: Eco Plus | B7: 24 | C7: 17 | D7: 41
A8: Grand Total | B8: 72 | C8: 67 | D8: 139
G13: 1

Sheet Pivot Table 3
A3: Count of Satisfaction | B3: Column Labels
A4: Row Labels | B4: Neutral or Dissatisfied | C4: Satisfied | D4: Grand Total
A5: Male | B5: 72 | C5: 67 | D5: 139
A6: Grand Total | B6: 72 | C6: 67 | D6: 139

Sheet Pivot Table 4
A3: Row Labels | B3: Count of Customer Type
A4: Disloyal | B4: 69
A5: Loyal | B5: 70
A6: Grand Total | B6: 139

Sheet Pivot Table 6
A3: Row Labels | B3: Count of Satisfaction
A4: Long | B4: 74
A5: Medium | B5: 42
A6: Short | B6: 23
A7: Grand Total | B7: 139

Sheet Pivot Table 5
A3: Row Labels | B3: Count of Seat Comfort
A4: 1 | B4: 23
A5: 2 | B5: 30
A6: 3 | B6: 24
A7: 4 | B7: 27
A8: 5 | B8: 35
A9: Grand Total | B9: 139

Sheet Clean Data
A1: id | B1: Gender | C1: Customer Type | D1: Class | E1: Flight Distance | F1: Distance Band | G1: Departure Delay | H1: Arrival Delay | I1: Clean Arrival Delay | J1: Seat Comfort | K1: Inflight Service | L1: Cleanliness | M1: Rating | N1: Label | O1: Satisfaction
A2: 70204 | B2: Male | C2: Disloyal | D2: Eco | E2: 2277 | F2: =IF(E2="","",IF(E2<500,"Short",IF(E2<=1500,"Medium","Long"))) -> Long | G2: 40 | H2: 50 | I2: =IF(H2="",E2,H2) -> 50 | J2: 2 | K2: 5 | L2: 4 | M2: =IF(COUNT(J2:L2)=0,"",AVERAGE(J2:L2)) -> 3.6666667 | N2: =IF(M2="","",IF(M2<2.5,"Poor",IF(M2<3.5,"Average","Good"))) -> Good | O2: Neutral or Dissatisfied
A3: 70246 | B3: Male | C3: Disloyal | D3: Business | E3: 480 | F3: =IF(E3="","",IF(E3<500,"Short",IF(E3<=1500,"Medium","Long"))) -> Short | G3: 90 | H3: 51 | I3: =IF(H3="",E3,H3) -> 51 | J3: 2 | K3: 3 | L3: 2 | M3: =IF(COUNT(J3:L3)=0,"",AVERAGE(J3:L3)) -> 2.3333333 | N3: =IF(M3="","",IF(M3<2.5,"Poor",IF(M3<3.5,"Average","Good"))) -> Poor | O3: Neutral or Dissatisfied
A4: 70129 | B4: Male | C4: Disloyal | D4: Eco | E4: 2113 | F4: =IF(E4="","",IF(E4<500,"Short",IF(E4<=1500,"Medium","Long"))) -> Long | G4: 0 | H4: 9 | I4: =IF(H4="",E4,H4) -> 9 | J4: 4 | K4: 1 | L4: 4 | M4: =IF(COUNT(J4:L4)=0,"",AVERAGE(J4:L4)) -> 3 | N4: =IF(M4="","",IF(M4<2.5,"Poor",IF(M4<3.5,"Average","Good"))) -> Average | O4: Satisfied
A5: 70128 | B5: Female | C5: Loyal | D5: Business | E5: 2583 | F5: =IF(E5="","",IF(E5<500,"Short",IF(E5<=1500,"Medium","Long"))) -> Long | G5: 90 | H5: 90 | I5: =IF(H5="",E5,H5) -> 90 | J5: 1 | K5: 5 | L5: 5 | M5: =IF(COUNT(J5:L5)=0,"",AVERAGE(J5:L5)) -> 3.6666667 | N5: =IF(M5="","",IF(M5<2.5,"Poor",IF(M5<3.5,"Average","Good"))) -> Good | O5: Satisfied
A6: 70028 | B6: Female | C6: Loyal | D6: Eco | E6: 358 | F6: =IF(E6="","",IF(E6<500,"Short",IF(E6<=1500,"Medium","Long"))) -> Short | G6: 0 | H6: 0 | I6: =IF(H6="",E6,H6) -> 0 | J6: 1 | K6: 4 | L6: 1 | M6: =IF(COUNT(J6:L6)=0,"",AVERAGE(J6:L6)) -> 2 | N6: =IF(M6="","",IF(M6<2.5,"Poor",IF(M6<3.5,"Average","Good"))) -> Poor | O6: Neutral or Dissatisfied
A7: 70207 | B7: Male | C7: Disloyal | D7: Eco | E7: 1821 | F7: =IF(E7="","",IF(E7<500,"Short",IF(E7<=1500,"Medium","Long"))) -> Long | G7: 0 | H7: 0 | I7: =IF(H7="",E7,H7) -> 0 | J7: 3 | K7: 3 | L7: 2 | M7: =IF(COUNT(J7:L7)=0,"",AVERAGE(J7:L7)) -> 2.6666667 | N7: =IF(M7="","",IF(M7<2.5,"Poor",IF(M7<3.5,"Average","Good"))) -> Average | O7: Neutral or Dissatisfied
A8: 70003 | B8: Female | C8: Disloyal | D8: Business | E8: 1714 | F8: =IF(E8="","",IF(E8<500,"Short",IF(E8<=1500,"Medium","Long"))) -> Long | G8: 5 | H8: 14 | I8: =IF(H8="",E8,H8) -> 14 | J8: 4 | K8: 5 | L8: 3 | M8: =IF(COUNT(J8:L8)=0,"",AVERAGE(J8:L8)) -> 4 | N8: =IF(M8="","",IF(M8<2.5,"Poor",IF(M8<3.5,"Average","Good"))) -> Good | O8: Satisfied
A9: 70213 | B9: Male | C9: Loyal | D9: Eco Plus | E9: 959 | F9: =IF(E9="","",IF(E9<500,"Short",IF(E9<=1500,"Medium","Long"))) -> Medium | G9: 5 | H9: 9 | I9: =IF(H9="",E9,H9) -> 9 | J9: 1 | K9: 3 | L9: 2 | M9: =IF(COUNT(J9:L9)=0,"",AVERAGE(J9:L9)) -> 2 | N9: =IF(M9="","",IF(M9<2.5,"Poor",IF(M9<3.5,"Average","Good"))) -> Poor | O9: Neutral or Dissatisfied
A10: 70033 | B10: Female | C10: Loyal | D10: Eco Plus | E10: 1064 | F10: =IF(E10="","",IF(E10<500,"Short",IF(E10<=1500,"Medium","Long"))) -> Medium | G10: 40 | H10: 46 | I10: =IF(H10="",E10,H10) -> 46 | J10: 1 | K10: 4 | L10: 2 | M10: =IF(COUNT(J10:L10)=0,"",AVERAGE(J10:L10)) -> 2.3333333 | N10: =IF(M10="","",IF(M10<2.5,"Poor",IF(M10<3.5,"Average","Good"))) -> Poor | O10: Neutral or Dissatisfied
A11: 70235 | B11: Male | C11: Loyal | D11: Eco Plus | E11: 2551 | F11: =IF(E11="","",IF(E11<500,"Short",IF(E11<=1500,"Medium","Long"))) -> Long | G11: 0 | H11: 8 | I11: =IF(H11="",E11,H11) -> 8 | J11: 3 | K11: 3 | L11: 4 | M11: =IF(COUNT(J11:L11)=0,"",AVERAGE(J11:L11)) -> 3.3333333 | N11: =IF(M11="","",IF(M11<2.5,"Poor",IF(M11<3.5,"Average","Good"))) -> Average | O11: Neutral or Dissatisfied
A12: 70110 | B12: Male | C12: Loyal | D12: Business | E12: 2959 | F12: =IF(E12="","",IF(E12<500,"Short",IF(E12<=1500,"Medium","Long"))) -> Long | G12: 5 | H12: 0 | I12: =IF(H12="",E12,H12) -> 0 | J12: 1 | K12: 4 | L12: 2 | M12: =IF(COUNT(J12:L12)=0,"",AVERAGE(J12:L12)) -> 2.3333333 | N12: =IF(M12="","",IF(M12<2.5,"Poor",IF(M12<3.5,"Average","Good"))) -> Poor | O12: Satisfied
A13: 70172 | B13: Male | C13: Loyal | D13: Business | E13: 2380 | F13: =IF(E13="","",IF(E13<500,"Short",IF(E13<=1500,"Medium","Long"))) -> Long | G13: 0 | H13: 5 | I13: =IF(H13="",E13,H13) -> 5 | J13: 4 | K13: 2 | L13: 5 | M13: =IF(COUNT(J13:L13)=0,"",AVERAGE(J13:L13)) -> 3.6666667 | N13: =IF(M13="","",IF(M13<2.5,"Poor",IF(M13<3.5,"Average","Good"))) -> Good | O13: Satisfied
... A251: 70035 | B251: Male | C251: Disloyal | D251: Eco Plus | E251: 2188 | F251: =IF(E251="","",IF(E251<500,"Short",IF(E251<=1500,"Medium","Long"))) -> Long | G251: 0 | H251: 5 | I251: =IF(H251="",E251,H251) -> 5 | J251: 2 | K251: 5 | L251: 3 | M251: =IF(COUNT(J251:L251)=0,"",AVERAGE(J251:L251)) -> 3.3333333 | N251: =IF(M251="","",IF(M251<2.5,"Poor",IF(M251<3.5,"Average","Good"))) -> Average | O251: Satisfied

Sheet Excel Analysis
A7: Satisfied by the Customer Type
A8: Customer Type | B8: Satisfied | C8: Total Passenger | D8: Satisfaction%
A9: Loyal | B9: =COUNTIFS('Clean Data'!$C:$C,A9,'Clean Data'!$O:$O,"Satisfied") -> 59 | C9: =COUNTIF('Clean Data'!$C:$C,A9) -> 120 | D9: =IFERROR(B9/C9,0) -> 0.49166667
A10: Disloyal | B10: =COUNTIFS('Clean Data'!$C:$C,A10,'Clean Data'!$O:$O,"Satisfied") -> 67 | C10: =COUNTIF('Clean Data'!$C:$C,A10) -> 130 | D10: =IFERROR(B10/C10,0) -> 0.51538462
A11: Total | B11: =SUM(B9:B10) -> 126 | C11: =SUM(C9:C10) -> 250 | D11: =IFERROR(B11/C11,0) -> 0.504
A17: Satisfied by the Class
A18: Class | B18: Satisfied | C18: Total Passenger | D18: Satisfaction %
A19: Eco | B19: =COUNTIFS('Clean Data'!$D:$D,A19,'Clean Data'!$O:$O,"Satisfied") -> 42 | C19: =COUNTIF('Clean Data'!$D:$D,A19) -> 94 | D19: =IFERROR(B19/C19,0) -> 0.44680851
A20: Business | B20: =COUNTIFS('Clean Data'!$D:$D,A20,'Clean Data'!$O:$O,"Satisfied") -> 54 | C20: =COUNTIF('Clean Data'!$D:$D,A20) -> 80 | D20: =IFERROR(B20/C20,0) -> 0.675
A21: Eco Plus | B21: =COUNTIFS('Clean Data'!$D:$D,A21,'Clean Data'!$O:$O,"Satisfied") -> 30 | C21: =COUNTIF('Clean Data'!$D:$D,A21) -> 76 | D21: =IFERROR(B21/C21,0) -> 0.39473684
A22: Total | B22: =SUM(B19:B21) -> 126 | C22: =SUM(C19:C21) -> 250 | D22: =IFERROR(B22/C22,0) -> 0.504

Sheet Excel Dashboard
